Sample_ID,G,ID,Spp,Type,DBH,PointX,PointY,AG,BG,CBH,NAG,BX,AP,PO,PX,pH,dw,ppmC,ppmN,CppmC,CppmN,MBC,MBN,NH4,NO3,InorgN,pct_POM,MAOM_d13C,pct_MAOM_C,MAOM_d15N,pct_MAOM_N,MAOM_CN,POM_d13C,pct_POM_C,POM_d15N,pct_POM_N,POM_CN,bulk_d13C,bulk_pctC,bulk_d15N,bulk_pctN,bulk_CN,leaf_d15N,leaf_pctN,leaf_d13C,leaf_pctC,leaf_CN,Al-conc,Ca-conc,Fe-conc,K-conc,Mg-conc,Mn-conc,Na-conc,CEC,Pct_base_sat
ECM001,T,T11,TILAME,Bulk,48.6,149.1,400.5,55.57845725,522.4927561,228.3575563,294.6033436,128.1666138,726.0870527,0.356350125,0.254673586,6.56,0.542457542,13.47032385,9.102402707,340.5001591,55.51247459,327.0298353,6.098661681,2.780254018,11.59383633,14.37409035,0.095311415,-25.90732147,1.008509835,6.512580688,1.09129365,12.02645966,-27.97112446,0.179434371,3.195804701,0.115040092,20.29696654,-26.28907442,8.335156008,5.786269798,0.64049167,13.01367791,2.01753221,2.056367756,-30.77610346,47.04068264,22.87337874,31.11000568,3112.279701,3.90526981,170.6848362,456.0475253,79.16256437,18.38363147,20.45540687,96.79756489
ECM002,C,C24,CARLAC,Bulk,35.3,250.6,386.7,25.92449344,437.7669411,128.2809192,200.50651,102.1001447,520.9715812,0.504817326,0.537921102,6.58,0.629,29.33314698,8.323123617,358.2760642,43.85360268,328.9429172,5.268887583,2.184623375,6.862045305,9.04666868,0.10122482,-26.06499628,0.898698025,6.3594558,0.954544035,11.76917064,-28.5133046,0.148829479,3.209714443,0.09674302,19.23652705,-26.71696802,8.055044038,5.871037692,0.644376988,12.50068818,1.441165389,0.995211869,-29.57064463,47.60829555,47.83737885,11.81419165,7402.777107,1.322020336,125.9461331,788.8445566,27.63867296,25.10625515,44.10347237,99.45791522
ECM003,T,T12,TILAME,Bulk,46.5,136.1,415.6,44.53350972,522.3043607,155.5717417,230.6249908,94.8204407,438.5659999,0.41815376,0.334854462,6.61,0.595284872,20.34042938,8.944512205,288.7853376,40.76351628,268.4449082,4.557377233,1.310852139,6.762531428,8.073383567,0.110600004,-25.25473554,1.080085285,6.612186718,1.097547327,12.28496653,-28.36045383,0.101441351,3.913126579,0.064863076,19.52107677,-25.74818848,6.621488026,6.039532563,0.530415655,12.48360385,2.026382184,1.98916407,-30.36796419,43.50691096,21.8729602,13.30875508,6977.530989,-3.75540635,150.4210592,979.3069219,3.922071631,31.63793067,43.56283474,99.62753937
ECM005,C,C29,CARLAC,Bulk,30.6,240.92,394.42,24.85502872,338.9908393,134.9618048,192.7573463,115.0051761,506.2405163,0.622207467,0.637286412,6.47,0.582834331,36.49202747,16.68682926,386.2097287,48.14349043,349.7177012,2.885119137,2.129444401,9.552965616,11.68241002,0.060657949,-26.06085507,1.054248568,6.326308878,1.113582353,12.07676012,-28.5132841,0.128332205,4.190281588,0.081839753,20.00397957,-26.27827997,8.157863626,6.029786975,0.63949415,12.75674486,0.965348,0.980744302,-31.46956983,46.05661132,46.9612835,8.954636445,7660.767227,3.301070301,171.3845819,1268.718013,4.371922467,-0.268119423,49.2408205,99.72946579
ECM006,T,T10,TILAME,Bulk,49.2,146.11,357.51,50.26552894,561.1121712,211.4610708,240.7704263,124.0752033,842.5944721,0.380882919,0.309408905,6.55,0.585414585,26.59429278,10.53294805,371.2831061,51.57615665,344.6888133,4.896649675,2.158480564,4.304076609,6.462557173,0.153929613,-24.99648227,0.952450135,6.054917465,0.995192341,12.22485422,-26.97499397,0.157863259,3.454244523,0.102897576,19.59741779,-25.35384051,6.871724009,5.439074519,0.537961998,12.77362935,1.898624481,1.715979627,-30.31157905,41.31029019,24.07458738,-5.501045683,8068.229771,-0.688698344,135.9316507,1500.382055,10.37727676,12.22691892,53.04754853,99.92878438
ECM007,Q,Q15,QUEMAC,Bulk,56.7,205.8,392.6,28.56149373,469.6139037,119.1953001,156.0384453,107.6254359,461.5182937,0.650711588,0.554603415,6.53,0.651,30.08828748,12.52772154,337.4850742,46.09440133,307.3967867,3.679392233,1.397360865,5.859081712,7.256442577,0.102787248,-25.87360293,1.003306263,6.59022604,1.066757547,12.40130588,-28.81794356,0.144079877,3.462588218,0.08977319,21.16772625,-26.54976249,7.1508976,6.169895685,0.542322019,13.18608797,0.869393873,1.133803191,-28.25646392,50.85498028,44.86606688,9.02739474,9271.288978,1.830389502,141.0059438,1426.154629,10.95070805,-13.78778412,58.5124255,99.74352185
ECM008,C,C16,CARLAC,Bulk,37.4,231.54,330.84,26.69941486,349.8425115,127.0382246,134.0168318,98.03695253,463.7770449,0.239320217,0.197010037,6.21,0.705529381,9.941451345,3.866815361,350.7912118,41.43592956,340.8497605,10.7157766,2.255953298,3.365921087,5.621874385,0.04950616,-24.99922851,0.938966289,6.863200613,0.959900505,12.54033037,-27.38733227,0.076902968,4.066530283,0.054739155,18.01151137,-25.5368435,6.87573567,6.185563646,0.536331987,12.81991387,2.479371382,1.466445147,-30.11277748,45.82572112,31.24982115,8.514798649,10668.66219,-0.469258263,126.0748008,1608.028305,-0.563704172,12.60704074,66.94353931,99.85857693
ECM009,T,T03,TILAME,Bulk,82.7,135.66,356.74,44.41641286,455.8978482,112.1342699,178.7494941,96.7079067,672.5379608,0.029831262,0.049160378,6.38,0.68972332,18.58505287,5.788556624,247.098664,29.360683,228.5136111,5.072194142,1.401108791,2.214013652,3.615122443,0.055625692,-24.63534549,0.99919822,6.525864973,0.525280874,11.01475666,-26.77362754,0.129862754,3.548123822,0.040045062,18.78259703,-25.01170095,9.337639211,5.95317538,0.808217339,11.5533765,1.90560183,1.759362205,-27.5308635,45.96205378,26.13157636,22.6284372,9533.796822,3.266833706,296.1512269,1592.190451,3.05738125,20.17271119,61.80344112,99.54649956
ECM011,T,T22,TILAME,Bulk,36,129.7,364.5,24.24230857,427.3920082,110.6166197,171.9948032,87.06281322,640.7383786,0.423265854,0.385016638,6.47,0.679320679,33.58032887,11.32922405,304.5216703,38.1696454,270.9413414,3.369131481,1.341483939,3.69159818,5.033082119,0.092685185,-24.9052207,0.972406398,7.026124237,1.005592636,11.71483554,-27.997371,0.179545953,3.693409557,0.110533892,19.67848195,-25.61526975,5.930010923,6.358998132,0.48949974,12.11468268,2.07844762,2.13327533,-30.21659209,43.48749952,20.38516548,22.24618626,9383.105242,3.44950287,126.2423706,1815.034454,2.412077216,-12.85691971,62.3572464,99.55953663
ECM012,Q,Q25,QUEMAC,Bulk,34,192.18,384.38,32.25066726,406.4137533,170.4350614,217.6479268,95.84201685,684.6010311,0.664023681,0.53622004,6.82,0.528599606,52.96441651,22.59539935,248.6100066,39.81455786,195.6455901,1.762064801,1.889346768,9.928999976,11.81834674,0.092224813,-25.49438132,1.000181979,6.525339141,1.003329329,12.62321111,-28.29528108,0.144111245,3.550994719,0.09054276,20.15422559,-25.92837457,8.844996844,5.948324962,0.698496816,12.66307194,0.699216454,0.978102267,-29.50923669,49.84220951,50.95946525,6.010607047,6912.185359,-2.17944938,121.3613654,1132.775265,2.281529116,8.14640298,44.23597096,99.83014717
ECM013,T,T26,TILAME,Bulk,35.5,142.12,410.62,23.67153438,371.5009436,121.1459631,179.076381,62.89085566,453.7132155,0.39925715,0.362808576,6.74,0.632367632,28.96308158,10.3468658,117.9307286,21.88179255,88.96764702,2.114823269,1.243448556,6.497688957,7.741137513,0.068754722,-25.47560921,0.970335622,6.401486479,1.080893016,12.41447764,-28.0969904,0.148374153,3.694639314,0.093687313,21.90008836,-26.37834109,7.630341325,5.847448794,0.551793034,13.82826751,2.071475326,2.049401014,-29.80496068,43.67927193,21.3139612,16.16998639,11624.94195,4.653958268,142.4053,2095.587586,2.405789044,9.625116403,75.87531293,99.71855304
ECM015,T,T15,TILAME,Bulk,43,188.47,397.33,52.63876727,657.1108653,214.6018438,379.3605314,140.6854017,731.7679157,0.573921346,0.484117048,6.84,0.516483516,41.62472898,15.74038003,416.6595319,63.04275721,375.0348029,4.005161063,1.529263372,6.603346203,8.132609575,0.084522812,-26.1874854,0.933302877,5.904390054,0.944937583,12.86050127,-27.54149586,0.3997483,4.28727694,0.284724983,18.28062296,-26.58725917,9.435545577,5.490549086,0.724658403,13.02056482,2.172511313,1.645813078,-29.57266547,45.99060281,27.94695664,8.466629961,7850.632604,2.185857954,107.1282243,1217.73246,7.574017008,-9.920578287,49.60464648,99.73096583
ECM016,Q,Q22,QUEMAC,Bulk,38.8,196.1,386.9,29.7730391,489.9471262,174.3997441,249.413954,129.9396181,513.9108069,0.701389278,0.569271565,6.97,0.562437562,52.63558412,17.14677071,511.8366062,76.45382604,459.2010221,4.458788616,2.221460814,10.04607661,12.26753742,0.082644573,-26.51772706,0.954511542,5.867445172,1.017039507,12.37153508,-28.64309593,0.200001064,3.116760465,0.134824504,19.55440827,-27.23919543,10.42897898,5.196153141,0.791154608,13.18267595,0.756492435,1.110659888,-28.53699146,50.82187598,45.75924336,18.67429528,9582.516317,-0.328490071,159.8249838,1662.043292,1.075984026,31.15279777,62.2517242,99.66016809
ECM017,C,C08,CARLAC,Bulk,41,163.09,433.49,34.36426093,417.0506654,135.0163437,210.9982509,117.1466154,474.5532575,0.520798718,0.460862728,6.33,0.602955665,20.96556195,6.503667106,260.2151874,32.85445972,239.2496255,5.051682256,1.517011472,2.628161521,4.145172993,0.116997913,-24.85881471,0.936465561,6.712993515,1.114482743,10.48,-28.25388972,0.111157508,4.003098108,0.068826602,20.14266022,-25.0968833,6.497050259,6.311147201,0.520922848,12.47229897,3.185883529,1.368537298,-29.51259533,46.58284777,34.04456267,3.846196984,9616.233131,-2.463775478,185.8695527,1469.261282,4.278446388,-13.90720905,60.61151828,99.90374716
ECM018,Q,Q01,QUEMAC,Bulk,126,162.99,391.19,49.42849947,430.3499879,151.6151676,243.7431789,112.9351977,534.6776447,0.562302311,0.526639211,6.43,0.688866799,28.32851415,10.16669333,339.7918975,44.13555368,311.4633834,4.341190616,2.101523375,6.510168429,8.611691804,0.089941726,-25.22355712,0.962235048,6.311341971,0.975542129,12.35092776,-27.70063666,0.148321149,3.170801214,0.088623223,20.95605064,-25.42247026,7.908545859,5.666646209,0.631599618,12.52150492,1.45747846,2.127865006,-27.82670223,49.68333963,23.34894634,11.90079816,9583.079804,0.398616853,201.7368442,1544.702439,1.838731555,9.541027487,61.23176214,99.76947131
ECM019,C,C21,CARLAC,Bulk,36,180.91,372.39,25.02922548,419.8337661,133.2435996,211.3853345,84.21131545,692.4811394,0.463963255,0.374028026,6.69,0.665668663,28.16492647,11.2183048,308.6643585,45.12047801,280.499432,4.022040657,1.566778246,7.189143265,8.755921511,0.08637931,-26.0011658,0.926871344,6.258964203,0.996455815,11.61177703,-28.28822863,0.06723459,3.317456437,0.044453879,18.88163696,-26.54863377,7.13007667,5.487176081,0.571164884,12.48344284,2.327346046,1.425102628,-31.23740406,45.54504224,31.96143574,21.63623713,10782.04974,0.311602695,248.5952578,1443.653867,1.540945621,13.48839556,66.62715207,99.62800329
ECM020,T,T14,TILAME,Bulk,43.1,132.6,416.4,34.50842,386.9709249,151.1401591,188.003644,79.86179399,446.6681959,0.213497214,0.201379702,6.49,0.731343284,18.65580015,8.588318535,221.12249,28.81983771,202.4666899,3.355702003,1.818779233,6.96805902,8.786838253,0.076057617,-24.63758281,0.976087485,6.772359216,0.991540481,12.24826337,-27.86506168,0.13930295,3.285703128,0.078871607,21.97672649,-24.95010538,6.354841617,6.351636018,0.510725035,12.44278085,2.188845043,2.161936237,-30.11204354,48.59335349,22.50227135,4.184607291,6647.807438,-1.929025439,119.9448348,1018.766752,1.471410734,1.314985619,41.92191539,99.8762364
ECM021,Q,Q08,QUEMAC,Bulk,101.5,238.56,371.26,22.54143506,349.7469515,121.6746969,181.2615991,91.95293522,425.4495009,0.535851355,0.606390987,6.72,0.547972305,40.27293383,19.9228004,407.3839444,59.64177998,367.1110106,2.993644407,1.788726612,8.827563081,10.61628969,0.134924405,-25.89651704,0.730087453,6.27166,0.831097503,12.87339451,-27.37623171,0.281703806,4.033087917,0.178224081,23.16302296,-26.47739999,10.05336554,5.43341736,0.686026461,14.65444739,0.433109153,0.962458422,-28.54911205,50.42885495,52.39630585,8.957607377,9559.712093,1.017056456,211.514268,1303.795755,2.376088946,23.28030664,59.19011168,99.80788889
ECM022,T,T09,TILAME,Bulk,52.7,141.8,391,20.9966221,369.5132119,110.55692,133.725696,85.50565556,435.374694,0.360008836,0.306905781,6.47,0.672,21.2191358,13.71681205,226.090674,35.57054078,204.8715382,2.593207565,1.889489318,10.36722882,12.25671814,0.084125987,-25.0218626,1.148432781,6.92054109,1.167307735,11.60825746,-28.11040246,0.150428062,3.13275872,0.07568779,23.44290312,-24.95281678,5.692729455,6.92716958,0.482471455,11.79939838,1.970480242,1.835678312,-29.66403074,45.85061067,25.24505048,12.64542827,8253.75474,3.270717419,186.7512104,1365.251667,1.52885658,15.88981513,53.13328308,99.69183726
ECM023,Q,Q06,QUEMAC,Bulk,110.6,144.3,402.1,41.11519681,561.878729,192.0680694,231.3783324,93.86458377,647.1233105,0.328257203,0.279013656,6.67,0.600199402,35.05124427,16.11592843,311.8807928,49.98587048,276.8295485,3.101643861,2.940983641,21.00065266,23.9416363,0.087252798,-26.12476039,0.987827886,5.880068522,1.025021372,12.72528795,-28.15843933,0.189922833,3.325716945,0.121530861,20.63504326,-26.33857852,9.148035285,5.537159523,0.692814346,13.20422939,1.512212228,1.722534615,-28.86758746,49.23301191,28.58178869,20.24113273,7701.23219,20.6592074,168.6099274,1115.376339,6.795991193,13.68902042,48.46095133,99.25552959
ECM024,T,T20,TILAME,Bulk,37.3,206.3,425.2,33.56281315,597.8751423,164.6320743,210.1964455,115.5778171,583.8045394,0.451918771,0.414512424,6.75,0.608391608,26.33949545,11.44637312,273.9479861,36.31943452,247.6084907,3.173008091,1.427543079,6.125888069,7.553431148,0.12006717,-24.90304534,0.998628785,6.648789636,1.093026707,11.3484567,-28.02211449,0.150062068,3.634080905,0.097141802,19.18719947,-25.7524757,6.098245619,6.036796482,0.490977147,12.42069312,2.409113289,1.626539735,-29.9184773,43.59815287,26.80507232,2.628946844,11079.82372,-1.248287679,161.3373951,1563.770875,1.252356432,23.00869133,68.70571254,99.95081971
ECM025,T,T23,TILAME,Bulk,36,154.18,367.42,55.37917382,441.9021407,172.0342788,225.4017661,116.0221677,732.3958398,0.324703085,0.285350557,6.58,0.571996028,45.25461175,14.34913706,349.2714332,48.22613797,304.0168215,3.360908588,1.749837989,5.425179014,7.175017003,0.153164546,-24.85522173,0.93822845,6.789552534,0.984755623,12.64992949,-26.87987383,0.256134035,3.860361887,0.162602876,20.92118729,-25.17168779,8.138407529,6.195173065,0.612968524,13.27705565,2.086835118,2.397038649,-29.74252542,45.38152329,18.93411023,24.5101242,6263.641437,-2.544217226,32.21670449,967.3005588,5.078948054,-11.56396598,39.59034925,99.26494513
ECM027,C,C09,CARLAC,Bulk,39.7,207.1,360.4,50.54248083,686.4263882,264.039091,306.5644265,148.5141219,772.4281467,0.577882109,0.460650364,6.67,0.542,31.08047515,9.983093456,630.3586392,80.8932168,599.2781641,8.103021088,2.939676061,3.202863636,6.142539697,0.140682657,-25.81117317,0.893760161,6.539125783,0.956775217,11.4448351,-28.12235443,0.264301042,4.292134949,0.193690715,16.71850305,-26.31546028,8.551803694,5.992354655,0.698045408,12.25133708,1.612830925,1.696963397,-30.57917454,46.53996373,27.42617158,29.11681923,8586.975774,3.723484628,96.32721571,1559.194847,0.040348467,9.918333335,56.31496355,99.38934337
ECM028,C,C15,CARLAC,Bulk,38.1,236.7,377.4,38.63250794,517.08609,200.6955111,270.8444885,114.5621995,628.0701831,0.54378132,0.497284619,6.86,0.517857143,27.69428511,8.87826964,423.3202956,53.42560983,395.6260105,6.017570089,2.753621498,4.045197072,6.79881857,0.107812099,-25.97657509,0.936285952,6.588800339,0.966221454,12.39256282,-28.57418921,0.181301418,3.574389372,0.128677167,18.01883103,-26.52725362,9.370488552,5.65454074,0.732715321,12.78876991,1.419187615,1.223015748,-30.98977142,46.2712044,37.83502104,-2.492903588,8129.79447,-2.696077791,207.1670576,1355.479884,6.61657838,28.24801792,52.40060074,99.95403213
ECM029,Q,Q19,QUEMAC,Bulk,50,248.21,366.41,26.8853993,421.9726511,141.8793123,301.8562283,95.01441279,820.8746714,0.499022395,0.540085135,6.81,0.575518263,52.097538,9.599792181,499.41748,61.97053408,447.319942,6.455403712,2.556481505,3.917295935,6.47377744,0.123492726,-26.15975319,1.017776646,5.871570855,1.055415257,12.56282319,-28.04216022,0.26252159,2.540761641,0.149581119,22.8635911,-26.34689063,7.887627629,5.415797224,0.605463916,13.02755018,-0.027333917,1.051360395,-28.18504541,48.78976221,46.40683137,15.94068733,11024.81597,-2.602858429,170.0203619,1910.738846,5.928600434,-33.88329675,71.37348396,99.72143323
ECM030,C,C03,CARLAC,Bulk,50.2,230.6,376.2,23.82728455,480.3881684,155.1766314,214.8506881,104.4663598,521.9467164,0.511349354,0.606323877,6,0.648702595,17.48794949,6.86036156,279.5401168,31.61715688,262.0521673,4.608672095,1.896909939,4.127216361,6.0241263,0.115327067,-25.61250699,0.909435173,6.693125261,0.890809931,12.16969962,-28.63407036,0.14183214,3.895776227,0.091649127,18.44670571,-26.66240733,7.196337676,6.131812826,0.603673809,11.92108955,1.661103849,1.254301298,-29.45403639,45.57736909,36.39848878,4.519105939,6906.671328,-1.086913276,160.6674128,1151.579473,5.185486897,-14.17506756,44.4222744,99.84439284
ECM032,Q,Q20,QUEMAC,Bulk,47.7,232.9,391.6,46.45643516,544.5029825,187.5872583,348.0760484,154.846578,620.1219732,0.48612861,0.541386086,6.88,0.544,36.94999706,16.83485969,451.1216538,63.96673565,414.1716567,3.799659565,2.213808564,6.470143153,8.683951717,0.084342561,-26.41023951,0.953117386,6.22954317,1.019031239,11.61762165,-28.49737115,0.143837756,3.53141166,0.09870654,18.09853864,-26.93367362,7.98794327,5.805706855,0.643083868,12.42130544,0.230394935,0.966983702,-29.14314976,49.79345725,51.5416981,4.328376827,7114.692929,-2.557006086,50.50665695,1191.552311,7.518214497,9.46071289,45.5550551,99.8342757
ECM033,C,C01,CAROVA,Bulk,57.4,128.6,378.7,59.94093352,591.3197506,215.0783135,211.2749692,109.1750894,721.8457248,0.50155347,0.471751954,6.68,0.563436563,31.05407272,12.1832349,412.1511014,58.17070129,381.0970287,4.774651541,2.184705627,6.942365721,9.127071348,0.127875424,-25.76989656,0.851665391,6.615848955,0.969293293,12.38697776,-27.53123001,0.307075609,3.863706125,0.134740451,32.13118303,-26.19071155,9.604857149,6.051450302,0.681301441,14.09784395,1.58688838,1.339563589,-30.30459039,46.40419731,37.19833042,7.347537783,7135.070432,1.08687009,143.0448304,1125.772902,5.663345994,18.14785657,45.42258447,99.76190022
ECM035,C,C06,CARLAC,Bulk,44.4,194,402.1,46.18877013,568.3165085,197.2792699,310.2629935,128.9829387,438.8340441,0.553408972,0.430068758,6.88,0.574,20.00238604,6.638244716,354.9954209,46.42164139,334.9930349,6.993059668,1.941767849,2.470749381,4.41251723,0.244513723,-25.96048021,0.9861041,6.277239494,1.065124592,11.82740909,-28.02619932,0.180433455,4.462895521,0.139947938,16.47052077,-26.17219364,7.203725918,6.088863023,0.563900198,12.77496143,2.235818442,1.037432942,-30.64882392,44.31741451,42.72484691,13.1301084,8506.686779,1.143460847,174.1126665,1349.51276,-3.512956058,7.653754456,54.18621598,99.71924115
ECM036,Q,Q05,QUEMAC,Bulk,113,152.7,421.9,58.39116332,629.6706868,235.6059671,326.2824131,122.0716179,715.0295995,0.411038408,0.486482564,6.68,0.553,51.43600683,14.36634868,578.3388016,75.83296337,526.9027948,5.278513355,2.558564436,12.58034175,15.13890619,0.131103074,-25.5304911,0.949606777,6.261074404,1.03250275,12.19026076,-27.52177144,0.208775469,4.214192162,0.136428581,20.28302593,-26.0096733,9.380704197,5.626303953,0.70773743,13.25479798,2.265796049,1.184228051,-27.81104227,48.47453055,40.9335304,13.34872399,11418.65551,4.246726658,181.3964463,1679.407505,-0.537923209,21.45303702,71.53010222,99.76061253
ECM038,C,C22,CARLAC,Bulk,35.9,259.4,383.6,46.27747056,527.3230143,225.5738951,302.925031,100.2139306,590.5917794,0.898251967,0.843298277,6.86,0.553553554,47.57683725,11.74858874,564.9959011,82.68028223,517.4190639,7.037465015,3.318988318,8.091754164,11.41074248,0.183138055,-26.25803525,1.003157945,5.159239186,1.088570686,15.34621018,-27.74488103,0.348915485,3.29560031,0.192455588,30.20694355,-26.64280595,10.86688034,5.031297205,0.652548191,16.65563305,1.246966145,1.172339547,-29.96737762,46.56441187,39.72000829,39.79566869,9053.337395,1.541062172,184.7968408,1528.740249,-0.099937309,26.96741158,58.79892837,99.23339548
ECM039,Q,Q17,QUEMAC,Bulk,55.7,194,368.4,24.55579262,489.9397349,150.6378489,210.0809753,106.2549922,792.5870854,0.714709146,0.675876932,6.65,0.59040959,34.70413679,13.55739122,321.1613632,44.70053682,286.4572264,3.297134094,2.247554705,6.702636254,8.950190959,0.351012165,-25.52139141,0.686295327,6.653258717,0.759564695,12.85598346,-27.76125115,0.597741609,3.858998897,0.391735413,21.71167894,-26.33518341,9.717962947,5.887189222,0.682975763,14.22899144,1.651949969,1.131946507,-29.1565487,48.29733608,42.67205824,10.74319506,6588.563048,-0.00088737,102.8070176,1127.102865,7.748264631,26.90263506,42.68098303,99.65404308
ECM040,T,T13,TILAME,Bulk,45.9,198,334.8,58.44879876,499.6318285,191.8179249,324.9440518,98.38128126,398.370518,0.459331477,0.435696612,6.87,0.65060241,24.42095162,9.383781201,293.5848981,43.84653288,269.1639465,4.672586875,2.087258427,7.710870787,9.798129214,0.066910816,-26.06039298,0.922046239,6.135844172,0.938455709,12.51617085,-28.7552639,0.148766463,3.950118173,0.106460843,17.80121848,-26.52808374,7.835877503,5.710867069,0.615113211,12.73916033,1.550084369,1.699285623,-29.30738319,42.96787573,25.28592346,39.97154021,9105.98265,3.759394222,96.26786973,1548.250877,2.715974384,17.39351765,58.97787961,99.19543559
ECM041,C,C18,CARLAC,Bulk,36.8,226,355.5,19.33398033,314.8226598,102.644039,160.1097165,76.32750121,579.5755057,0.556154366,0.533528213,6.68,0.659090909,14.16851334,7.254327432,244.3092748,37.24531428,230.1407615,5.134220178,1.432228218,6.917245342,8.34947356,0.092583845,-25.95146609,0.882750428,6.685161462,0.936376377,11.65461116,-28.656319,0.124002604,3.769691563,0.066086587,23.20034802,-26.29849451,6.424614196,6.145421765,0.519681595,12.36259235,1.376388131,1.079896425,-29.02234958,45.98234467,42.58064411,25.00519635,7684.135257,0.927251398,187.5366954,1353.858566,2.091126421,20.59975346,50.34635618,99.42275962
ECM042,Q,Q03,QUERUB,Bulk,116.8,136.24,371.26,47.605569,604.5237614,216.0181574,285.9696509,130.3680863,953.7882685,0.417102655,0.343449045,6.23,0.661338661,32.26135058,10.40751869,391.1983196,49.85092155,358.936969,4.789894982,2.462300474,5.246739113,7.709039587,0.110315605,-25.78390969,0.923261308,6.162126053,0.953651368,11.95810476,-27.70279324,0.180465824,3.481321052,0.123778387,18.0144383,-25.61824144,8.011258505,5.89386842,0.648523109,12.35323942,1.05405416,1.304860341,-28.26509597,48.92633181,37.49798742,11.63033422,7801.894859,-2.721939325,159.8851259,1261.098701,4.144440385,21.26495481,49.95666247,99.71094535
ECM043,T,T29,TILAME,Bulk,33.7,209.37,328.47,19.06350022,355.8531782,101.6902513,159.2612479,66.04223151,378.8250454,0.448338542,0.416542582,6.57,0.658,22.71692811,10.6191749,260.8498419,37.73808251,238.1329138,3.553767865,2.262260851,5.877381982,8.139642833,0.075987842,-25.61962454,1.100716934,6.434566936,1.106701842,12.55068114,-28.37229597,0.165195476,3.574595403,0.09151334,22.77733618,-25.53499332,5.880367654,6.085107178,0.465966896,12.61937232,1.550176639,1.655925941,-30.75187864,42.86960711,25.8877865,13.38044619,7625.134332,0.949786657,142.4848743,1282.965186,1.552165848,5.380263249,49.15603964,99.67546974
ECM044,C,C23,CARLAC,Bulk,35.7,269.48,369.72,37.08774118,614.9363364,185.1648304,290.2439918,112.0621181,672.2701769,0.751548378,0.720100063,6.56,0.553446553,34.98260111,11.34071568,433.539605,68.18996305,398.5570039,6.012844778,3.026240683,9.406575755,12.43281644,0.119704422,-26.22146854,0.839234398,5.319572285,0.89441163,12.75262674,-27.49625085,0.20525115,3.081839846,0.150888018,18.49007549,-26.73120101,11.72662019,4.713263742,0.862841349,13.59066038,2.054623261,1.098980769,-30.55003045,46.62822283,43.26396159,25.62483222,8780.87995,2.445150644,136.1872183,1537.557695,-0.986119739,26.35777035,57.2321659,99.47922547
ECM045,Q,Q04,QUEMAC,Bulk,115.2,179.71,385.59,47.4195553,752.7358168,401.1205805,262.9162978,156.1349894,1343.063453,1.846862784,1.7674741,6.28,0.60219342,69.15594813,11.00797947,442.2255826,61.71034095,373.0696345,5.605964393,3.172797506,5.204498296,8.377295802,0.167507196,-26.1134907,1.000232678,5.315594113,1.044758323,12.08968857,-28.00676401,0.198781831,2.79303724,0.122977954,20.41183635,-26.24116768,9.038313518,5.071247358,0.715738764,12.62828658,0.900775744,1.397752896,-30.1110057,49.56526284,35.46608804,5.440055194,9831.515404,-0.410250544,138.5826897,1657.234447,3.433485528,20.00273063,63.21332987,99.88454032
ECM046,T,T01,TILAME,Bulk,91.5,158.3,355,50.06896726,464.3637892,181.0908046,200.7408907,115.8405849,435.2465909,0.361706979,0.30778747,6.49,0.675222113,16.87620316,4.546785734,312.3323081,42.54850147,295.4561049,9.357929746,1.761346328,2.616588756,4.377935084,0.055329794,-24.93661375,0.971627259,6.282859034,1.014020867,11.40695514,-27.61563539,0.071154187,3.470455455,0.040483703,20.91585012,-25.45247499,6.312982365,6.039236704,0.530314165,11.90428077,2.202090276,1.531328463,-28.90756707,44.82479897,29.27466612,-5.884416201,10212.47384,-2.038578616,126.0971774,1690.21555,2.55435032,51.69547362,65.42804385,99.9857874
ECM047,Q,Q13,QUEMAC,Bulk,79.7,182.7,318.5,53.34851811,528.4153001,166.3013908,210.2310343,113.5399057,575.6817562,0.361693826,0.304004055,6.26,0.583333333,53.83479894,12.15824709,426.2032581,58.46821396,372.3684592,4.808934506,2.302918075,5.762440075,8.06535815,0.081632653,-25.39051623,1.007593006,6.104288326,1.065172336,11.44871388,-28.06703773,0.144744203,2.809979569,0.082133437,21.34880155,-26.14201419,6.814543041,5.705336064,0.563046402,12.10316243,1.182179961,1.76943716,-29.21921865,48.34497351,27.32220772,7.304057294,9526.347606,-1.452894796,156.7951267,1547.529364,2.521342135,51.90487248,60.99047625,99.85179558
ECM048,T,T18,TILAME,Bulk,38.7,176.5,303.6,29.48959475,350.4755573,106.0007288,164.9400214,75.2966989,626.9251012,0.551272283,0.53561298,6.42,0.636726547,16.59090909,9.474106582,347.4310344,50.80799372,330.8401253,5.362826909,1.820002728,7.593909639,9.413912367,0.078135966,-25.10604848,0.871382407,6.771776111,0.920517419,11.64944817,-27.15798135,0.161089569,3.951295686,0.090776441,21.83885402,-25.58818757,6.858638445,6.09123287,0.557340017,12.30601076,1.538501283,1.872801174,-28.46998868,46.06739458,24.59820912,25.24361369,7802.839513,3.424469141,63.54001137,1094.283816,1.231833127,30.15670719,48.5401115,99.37462599
ECM049,C,C14,CARLAC,Bulk,38.7,202.4,407.5,31.69826732,468.6666781,208.0239388,291.9541602,97.3835836,459.8819403,0.665144925,0.566868602,6.86,0.641641642,25.25885902,8.934713192,281.088022,38.52775332,255.829163,4.312142146,1.604604717,4.574067012,6.178671729,0.265276994,-25.83168648,1.29530501,6.225116948,1.287687479,12.53657333,-28.13777819,0.183036628,3.656875783,0.113789844,20.04452755,-25.37348545,5.312744517,6.494741967,0.426287389,12.46354868,2.099959898,1.010750092,-30.15208613,44.42880825,43.95733653,3.629597732,7491.240609,-2.568184254,167.5055045,1397.579226,8.91847571,-5.153670553,49.38489428,99.85253815
ECM050,T,T25,TILAME,Bulk,35.8,213.01,332.71,43.72314842,529.2061377,153.7459527,187.192039,72.01114584,464.6159578,0.306203138,0.269622328,6.7,0.677322677,20.17303581,8.710885552,240.7616026,34.50198361,220.5885668,3.960789452,1.692008963,8.028428458,9.720437421,0.063221209,-25.87242168,0.981178324,6.235330711,0.999893252,12.27748877,-29.19133048,0.097690543,3.444617272,0.061376085,19.91274244,-25.97646576,6.61070611,6.121634001,0.528370418,12.5114976,1.420487178,1.914937519,-30.75229262,45.09543719,23.55230795,7.399144812,9186.005409,4.441156884,92.07736609,1551.666294,-0.283457449,7.125318925,58.98154916,99.8200676
ECM051,T,T24,TILAME,Bulk,35.9,214.23,327.27,38.78022555,500.7381273,146.0544876,232.3248141,91.18479121,451.0351477,0.463364587,0.438947746,6.67,0.68617558,25.62280814,11.16253419,264.4883637,37.18004087,238.8655556,3.330788532,1.760440397,5.802603097,7.563043494,0.069051636,-25.57980195,0.987003142,6.248264436,0.990687142,12.50155717,-27.7139974,0.116351365,3.795951155,0.083565795,17.47080503,-25.86926025,7.026834133,5.69125148,0.560002435,12.54829805,1.741426371,1.842719428,-30.12588366,43.57014936,23.7774354,1.742816715,10263.39824,0.485691286,163.5121398,1564.793926,-0.510564987,5.916142556,64.55935937,99.96594294
ECM052,C,C02,CAROVA,Bulk,51.5,146.9,423.8,30.3920353,489.2142088,161.531796,251.7658866,92.64376242,779.5316263,0.440529491,0.376883665,6.67,0.564435564,42.9690381,17.75668144,373.3849622,55.3379991,330.4159241,3.116460657,2.471578171,11.29801439,13.76959256,0.137133892,-25.16930601,0.983880783,6.603254168,1.031823996,11.70159553,-27.26419748,0.163465013,3.801581458,0.100786358,19.90083147,-25.76264192,7.719566496,6.10470788,0.629055006,12.27170727,2.679539817,1.313218426,-30.03817165,45.16567429,34.39313369,-17.81850341,6826.411462,7.142092615,159.9835693,969.0285671,10.04456055,14.63802042,42.58732149,99.82404552
ECM053,T,T28,TILAME,Bulk,34.2,169.8,365.2,25.26337012,357.2234856,112.3462742,159.42722,79.92205865,294.9170036,0.410835728,0.331780148,6.76,0.639476334,20.86448182,7.627111588,197.642009,26.49111396,176.7775272,3.473282599,0.995316849,4.21392134,5.209238189,0.082203569,-24.77915363,1.091727854,6.874166129,1.124202594,11.70153261,-28.03719516,0.075686067,3.660908637,0.048938621,18.63677966,-25.23041546,5.95535456,6.537216081,0.494239948,12.04968599,1.923566343,1.750613238,-29.19440269,42.63628121,24.35568596,-3.258530641,9782.903833,-2.530579756,138.401216,1795.168564,3.397436726,55.95365753,64.20106788,99.98073512
ECM054,C,C05,CARLAC,Bulk,46.9,209.9,357,36.13960772,447.7419613,167.0860352,160.6099476,95.73852362,695.6765536,0.449155794,0.445986979,6.69,0.633,23.82609492,7.576120562,467.4961689,64.3582326,443.670074,8.494879678,2.104261483,4.103278352,6.207539835,0.096918947,-25.86964019,0.851346558,6.546197013,0.950980542,11.51981469,-28.44499115,0.174263883,3.950946173,0.117148832,19.14212698,-26.78184561,8.564773988,5.918343714,0.665585652,12.86811601,1.860340311,1.167436636,-30.78554861,45.62566008,39.08245118,6.188624945,10299.43333,-0.497604209,195.0052395,1740.362554,0.931055266,6.765802631,66.31835252,99.89113266
ECM055,C,C30,CARLAC,Bulk,30.3,186.66,357.54,24.67961854,434.102404,147.8341994,180.2192202,61.90152488,358.4458329,0.701155403,0.572860688,6.96,0.553446553,27.2314322,8.836012248,196.5837471,26.97524926,169.3523149,3.052875947,0.819579612,3.502191752,4.321771364,0.07905009,-25.73297053,1.080621371,6.686139444,1.09717389,12.04055741,-28.5052544,0.1072305,3.917173244,0.072543861,18.07040914,-26.15746578,6.308626646,6.244527008,0.516057067,12.22468396,2.920143705,1.433799596,-29.60379556,46.85437151,32.68017338,-3.762130682,9114.012974,2.320842778,138.8448398,1662.639533,9.795545393,3.81542222,59.58267853,99.91922492
ECM056,T,T04,TILAME,Bulk,73.5,254.07,445.57,34.20885563,411.0574003,204.8231261,285.9239279,119.805663,572.4280166,0.811568835,0.766083019,6.23,0.616,17.35463029,5.799908634,310.4826078,39.37789597,293.1279775,6.78939936,1.823230966,2.373042029,4.196272995,0.078550482,-24.88537493,1.140254826,6.6638646,1.231217011,11.58906512,-27.31404012,0.108214921,4.678207308,0.08078271,16.39361685,-24.99249038,5.897389932,6.43117623,0.481955829,12.23639789,1.939069554,1.787743527,-28.45073737,45.24195593,25.69721232,13.69209153,4788.548409,1.784690125,130.6401584,1131.881143,12.32360157,16.86420598,33.82429962,99.38893195
ECM057,C,C13,CARLAC,Bulk,39,264.09,394.09,30.6396979,452.2449591,126.0185118,95.56049802,89.52510904,413.0031504,0.696192251,0.639464385,6.8,0.656343656,25.70756927,8.368299061,394.2157399,47.73642544,368.5081706,5.704435883,1.855537378,4.722843556,6.578380934,0.153305539,-25.86877558,0.988760903,6.064448752,1.085830473,11.39713881,-28.19205427,0.140087564,3.940772364,0.09532036,18.39554812,-26.1214247,7.904225204,6.016772892,0.631559798,12.5176386,1.363274922,1.235487465,-30.90761318,46.82773513,37.90434341,10.3174548,9800.163952,3.322684233,2571.968626,1683.338461,5.965539054,22.76668446,69.5887657,99.77829227
ECM058,Q,Q07,QUEMAC,Bulk,107.5,255.5,359.5,55.29999676,704.6441516,237.1984035,321.6000675,140.0323279,941.2550002,0.603768681,0.580315936,6.66,0.604790419,43.27483475,13.72139791,564.7774722,76.16181091,521.5026375,5.550586858,3.220016105,8.579681433,11.79969754,0.118699653,-25.90018014,0.925213561,6.025231924,0.971542278,11.84102557,-28.04883179,0.182013286,3.106799754,0.120701914,18.74978649,-26.49897544,9.933778761,5.323724161,0.798924673,12.43364531,0.402919715,1.062606537,-28.12766849,49.12599891,46.24265312,2.925098721,9022.554887,-2.16576651,114.2474807,1465.699794,1.496312422,42.0232433,57.59883428,99.93407747
ECM059,C,C12,CARLAC,Bulk,39.1,277.13,349.87,53.15161292,541.6161848,222.6170806,261.7609421,130.6466902,890.6928022,0.588470322,0.574705389,6.47,0.567,23.96629434,11.32396273,412.6289349,61.78807475,388.6626406,5.456400398,2.183572021,6.776867239,8.96043926,0.136513661,-25.89994888,1.068259855,5.89391319,1.111152873,11.43637192,-27.97433961,0.145669481,3.266065729,0.103799927,16.69381286,-26.36728754,7.887795932,5.541876026,0.663083645,11.89596649,0.789621639,1.175641629,-29.25268482,47.62128992,40.51918986,17.63192338,5052.436206,2.483785274,31.56817596,726.9018317,8.864183902,22.99931047,31.61695505,99.23567276
ECM060,Q,Q16,QUEMAC,Bulk,55.9,192.1,371.9,26.35380009,361.9805031,133.3721844,138.7781467,88.60160922,565.7892842,0.3710668,0.30513658,6.3,0.639360639,24.17230329,14.27203891,386.7144533,54.79793474,362.54215,3.839530924,2.487705472,11.85744158,14.34514705,0.075963185,-25.93492471,0.939849957,6.721643496,0.937681663,11.7814384,-28.64294075,0.126244852,3.855418355,0.084559828,17.54573587,-26.36975748,7.176988521,6.294309797,0.610594523,11.75420804,0.812218712,1.023568396,-28.51856427,49.98404985,48.83962759,41.559322,3789.269279,-2.037449997,161.8773503,954.2397274,16.64936281,15.44040113,27.76556844,98.117461
ECM061,C,C07,CARLAC,Bulk,42.5,266.9,379.5,36.43565251,478.1036658,209.6465275,184.4328828,99.85384583,700.097834,0.534470551,0.505436833,6.48,0.625748503,30.08661342,8.000806973,422.9019474,49.56869241,392.815334,6.195461605,2.551170134,5.727607906,8.27877804,0.11800636,-25.95474431,0.915643552,5.984459851,1.01120086,11.46710156,-28.28141664,0.122396254,3.421779368,0.081086465,19.11571844,-26.57320718,8.71667715,5.357551651,0.688304121,12.66408024,1.339283652,1.27020679,-29.15922955,47.089229,37.10819699,-1.721947217,8907.825683,-1.791785249,268.133384,1413.786328,7.041638626,12.86625617,56.85354678,99.95491072
ECM062,T,T33,TILAME,Bulk,30.1,124.28,363.48,40.25090298,514.5743883,150.6899789,268.033717,94.16471461,723.9508882,0.469811566,0.466433817,6.51,0.578017664,21.41194462,9.232317661,373.9457229,56.52325997,352.5337783,6.122326164,8.607357177,5.40441616,14.01177334,0.083401714,-25.26144676,1.049804985,6.575063146,1.11737371,11.91497986,-27.45728318,0.161594588,3.672365466,0.101718839,20.14671096,-25.64239755,6.776327287,6.213521343,0.534329502,12.68200111,1.733478823,2.036740617,-29.86133075,45.67384517,22.42505932,15.42340268,8462.892172,0.200588024,121.3460938,1487.874955,0.778012311,13.86710012,55.02155186,99.68121894
ECM063,Q,Q09,QUEMAC,Bulk,99.9,255.4,337.3,41.79242924,519.5010256,178.7878789,265.433303,108.4864123,1094.881386,0.771424315,0.7485992,6.36,0.5995996,56.85552036,11.89596511,378.4631747,57.68941017,321.6076543,4.849493894,1.898315605,7.398219524,9.296535129,0.117037167,-25.93735144,0.849583143,5.392859918,0.894746332,12.71289629,-27.86449534,0.191228751,2.782762489,0.112073284,22.83438363,-26.17130926,8.153753788,4.913901719,0.608998808,13.38878431,0.933365793,0.900680343,-28.64350486,49.56029151,55.02583783,8.235246608,8739.413178,-0.346576336,155.048899,1349.973764,2.141736508,18.77847679,55.2982378,99.82031567
ECM065,C,C17,CARSPP,Bulk,36.8,194.97,354.23,36.11362988,552.9036068,231.032155,275.3233768,99.94599843,589.6123868,0.571660252,0.550272496,6.71,0.577,24.76913398,13.22108453,258.1328095,38.30910247,233.3636755,2.897576396,1.310846718,6.291801539,7.602648257,0.07356489,-25.61354742,1.015578901,6.633216619,1.030359483,12.27939377,-28.05173897,0.158215759,4.407423103,0.110776844,17.79319126,-25.93681662,6.791407505,6.216259218,0.545141182,12.45807091,1.952466877,1.386510849,-30.36066731,46.08596627,34.80952641,-1.512693121,9571.72884,-3.781398305,143.8092699,1665.210666,7.008904002,-40.42086546,61.86144991,99.95875349
ECM066,C,C04,CARLAC,Bulk,47.3,169.17,434.27,29.94905568,412.6332984,181.7241913,219.0016245,117.4824493,425.9593054,0.494116143,0.540889385,6.77,0.612,25.85247246,10.67703044,270.8463531,37.98449991,244.9938806,3.557590298,1.695816006,5.558136041,7.253952047,0.113527628,-25.64435124,0.922656105,6.102511046,1.08099422,12.45695329,-27.23288997,0.221796632,3.731512704,0.148941639,21.73643985,-26.26295986,9.09528323,5.711143273,0.623183305,14.59539115,2.204846552,1.420246074,-29.54776701,45.77608096,32.76814429,26.74751626,10040.25253,-3.233741695,143.5343279,1510.583845,4.218400767,-11.44809205,63.21365827,99.50524155
ECM067,Q,Q29,QUEMAC,Bulk,30,206.6,413.8,41.39064388,493.0826637,188.5998404,294.8695522,130.3726002,501.430827,0.446992371,0.462588736,6.57,0.612103175,39.56409114,11.07852382,386.726983,52.43217965,347.1628919,4.732776722,2.898274454,6.585197751,9.483472205,0.193168405,-26.00843325,0.90712739,5.573794286,0.99466667,13.87230999,-27.12554389,0.252653546,3.013453244,0.153718531,24.99533067,-26.31639441,10.49322824,4.873016741,0.689842022,15.21101977,1.083327803,1.272021056,-30.70409378,48.28512843,37.96437685,46.82394511,9565.504684,-3.569890857,148.2559798,1780.055862,0.873274996,9.701810949,63.32728238,99.17286652
ECM068,Q,Q02,QUEMAC,Bulk,125.7,187.9,302.4,26.41259001,415.3081708,141.5342771,248.6452554,90.14384407,881.0941616,0.50093996,0.49320556,6,0.587884806,32.42808146,8.1308446,367.3603212,47.68781343,334.9322397,5.865050407,2.570033716,5.433428388,8.003462104,0.048782183,-25.18229299,0.830725105,6.539324589,0.939992635,11.81699267,-27.91931034,0.166637827,3.058489048,0.090663149,25.73501568,-26.24963356,7.894886575,5.701235356,0.590448966,13.37099142,1.282527509,1.34951263,-28.07387131,48.7773713,36.14899579,14.41264799,4275.67163,-0.140228181,121.5047265,591.2666863,16.83383876,-0.822568768,26.73444329,99.17135681
ECM070,T,T19,TILAME,Bulk,38.5,221.18,358.82,29.60453532,471.9769551,190.0329945,166.3875785,90.57667874,570.3028408,0.643341725,0.615054732,6.62,0.574,39.75578366,13.6451434,383.6955422,57.79211267,343.9397585,4.235361328,2.525509552,9.469209271,11.99471882,0.128163911,-26.48275979,0.86663201,6.296478198,0.902958599,12.19454382,-28.07238587,0.238379951,4.381780847,0.197005637,15.36530161,-26.83343461,9.83954263,5.581980961,0.774416557,12.70573747,1.892333245,1.916894961,-29.36094513,44.00154671,22.95479744,7.759952392,8798.142418,-3.016416244,167.684367,1537.692597,4.760942079,-16.15119537,57.0908914,99.81851266
ECM071,Q,Q27,QUEMAC,Bulk,31.4,282.66,396.64,37.68891361,430.552625,147.7253258,198.0639667,100.7127623,465.952416,0.584892166,0.546424848,6.61,0.629960317,35.23167389,8.910699524,476.7661421,60.8773305,441.5344682,6.831936184,2.695937549,7.316755232,10.01269278,0.155976025,-25.90671734,1.013292373,5.774570022,1.085348948,12.06560455,-27.99359753,0.168743121,3.125923506,0.107373012,20.31199574,-26.19589672,8.576758131,5.377719373,0.663649386,12.92369975,0.984169104,1.485255456,-30.47127819,48.31054665,32.53931279,37.75614235,8383.451791,-1.084501018,150.3713982,1515.768865,0.831899396,4.550165252,55.13579551,99.23311485
ECM072,Q,Q28,QUEMAC,Bulk,30.8,231.91,397.21,24.80359163,388.4809127,139.6316859,165.4763797,83.10351574,494.1508908,0.640129112,0.618365791,6.78,0.73778664,30.4290561,8.8455968,315.0068629,44.0329312,284.5778068,4.977949164,1.596871725,5.220794607,6.817666332,0.09872706,-26.03706145,0.931201651,6.064623991,1.018823441,11.49740033,-28.64127125,0.105649254,3.645844156,0.066947006,19.84757247,-26.37553087,7.545750187,5.859486695,0.599864208,12.57910042,0.832510994,1.297158294,-28.57341135,50.60482191,39.02956309,7.747102631,10528.09659,0.227994118,109.7051511,1928.058177,0.227945362,15.39904724,68.83932347,99.87188655
ECM073,C,C27,CAROVA,Bulk,31.8,253.71,421.81,24.23257967,507.0310455,169.2709813,259.6907516,89.60597241,615.0150221,1.159835958,1.103779394,6.7,0.544455544,22.73349498,8.450792965,229.4878752,36.90217101,206.7543802,4.366711049,1.90090202,5.190654558,7.091556578,0.123054158,-25.01424695,0.953011103,6.283876164,1.004505792,11.90661871,-27.94632279,0.131366258,3.48614235,0.07490796,22.00694562,-25.13515422,5.308259065,6.616616924,0.42282198,12.554356,3.757356394,1.320986134,-30.60987691,46.21976162,34.99322241,28.83750348,7772.792309,-1.831870491,70.89637319,1154.183081,6.414798695,12.04400757,48.86352521,99.29602131
ECM074,T,T05,TILAME,Bulk,72.2,200.8,430.4,43.77385355,424.2911228,163.326244,185.3063403,109.5811799,614.4437254,0.461407866,0.444992159,6.6,0.677966102,21.16930472,6.622197236,292.0049062,41.16544623,270.8356015,6.216282113,1.922589509,4.034002698,5.956592207,0.116976456,-25.06602102,0.904959776,6.651564765,0.996419295,11.50054959,-27.75633816,0.124224117,3.572527664,0.083361754,18.85196764,-25.81819853,7.076785081,5.621833082,0.558861955,12.66269447,2.380811758,1.500131513,-29.56175624,42.29983935,28.19985266,17.19322949,8254.509672,1.347437205,70.21739705,1407.940343,-1.452232096,11.91042219,53.20763049,99.62711168
ECM075,Q,Q23,QUEMAC,Bulk,38.3,234.5,357.9,22.36909941,546.539,140.9483351,291.9698693,82.03849677,578.0967198,0.974992687,0.936718133,6.8,0.560878244,29.28291812,9.075587181,262.8843414,38.1343416,233.6014233,4.201859432,1.451299405,5.1203917,6.571691105,0.084794605,-26.41275667,1.255102078,6.406314698,1.322847959,12.22206942,-29.20770561,0.144543494,3.850614629,0.094276495,19.74461533,-26.94886486,6.443220013,6.035722208,0.500175323,12.88192372,1.514193109,1.316997298,-30.28473042,48.17424569,36.59317479,11.16873252,8369.083272,2.459535118,116.9405051,1287.063158,-1.101550696,19.80323737,52.87753733,99.74016455
ECM076,T,T21,TILAME,Bulk,37,232.86,398.86,57.60305375,468.7906857,164.5737522,192.2979592,114.637828,514.8024604,0.913866163,0.836239529,6.78,0.542914172,33.67204931,10.25119925,435.58561,59.54752574,401.9135607,5.808835073,2.271394903,7.063099328,9.334494231,0.14292682,-26.12267039,1.130168771,6.265593278,1.212282578,11.79844375,-28.41531553,0.151814044,3.691949529,0.099922093,19.22867639,-26.59763647,7.881222032,5.78268162,0.62273546,12.65353928,1.946649272,1.805411957,-29.2498037,44.55569805,24.78602629,11.24647481,8274.245056,2.458955326,213.2511136,1443.105797,2.826779909,4.831115583,53.8806628,99.7243043
ECM077,C,C20,CARLAC,Bulk,36.4,212.8,380,27.13429256,423.8443615,169.8475593,268.3199576,95.04728477,603.2304338,0.577017764,0.539636929,6.6,0.629,16.29303289,8.114075774,284.4110987,38.9967821,268.1180658,6.249191058,1.666342745,5.524989323,7.191332067,0.102506972,-25.70147183,0.88158552,6.928897515,0.945537931,11.85068307,-28.23353842,0.164099736,3.80641304,0.111262153,18.74474793,-26.26954798,8.455201239,5.991571863,0.665271919,12.7093885,1.511166204,1.214035856,-29.62925281,47.07640549,38.78174533,59.50285299,9243.720979,-3.708853236,119.6072611,1773.280678,2.741885877,8.610188289,61.73549767,98.91217056
ECM078,Q,Q18,QUEMAC,Bulk,50,218.43,394.23,46.30377314,658.202036,269.22553,371.5907144,135.189573,726.8144827,0.681144116,0.658931467,6.42,0.53777336,33.66192695,11.77599411,505.0880274,69.53954992,471.4261005,5.905195712,2.241573303,6.965126799,9.206700102,0.135781739,-26.23387216,0.943691388,6.328633794,1.054230721,11.66028349,-28.71218092,0.209855703,3.467410554,0.141406015,19.33326972,-26.87882933,9.571253513,5.802678387,0.734754307,13.02656388,0.978852704,1.387664861,-29.30102285,50.47935875,36.39201758,3.843600102,11845.68122,-2.49673592,180.8635743,1910.714514,9.11241161,46.47222277,75.5765849,99.89955973
ECM080,Q,Q24,QUEMAC,Bulk,35.6,213.39,390.99,32.96216342,573.1556697,206.0344644,171.3843078,148.5423737,743.9430777,1.493685202,1.444255104,6.79,0.482517483,49.12652837,13.60699136,446.6823933,61.50835723,397.5558649,4.520349547,3.655119909,2.830876285,6.485996194,0.168177459,-26.1105324,0.959306556,6.56406562,1.034480033,11.75006845,-28.84693905,0.196179818,3.505864568,0.133003318,18.67872409,-26.84080569,8.805539855,5.719891846,0.694949549,12.6711408,1.020607988,1.220108833,-29.30504546,50.02472958,41.00051694,-4.604379763,7580.243578,-1.050675761,119.1688401,1259.114918,5.442353686,51.28212771,48.73607881,99.95934693
ECM081,T,T08,TILAME,Bulk,54.6,292.86,355.04,39.28936645,560.4991466,181.9508302,222.140712,109.62021,718.0316874,0.50893242,0.487421173,6.79,0.602576809,23.23521883,10.25795339,396.9915004,60.02251024,373.7562816,5.851314386,1.585349617,7.272987981,8.858337598,0.116605032,-25.54191606,0.910902976,5.777527139,0.914869891,11.42637138,-27.83448211,0.12164208,2.848604399,0.126762507,11.4365951,-25.83961964,7.012980248,5.200771683,0.611089258,11.47776604,1.980846292,1.920503818,-30.48521557,43.95262793,22.94030877,-3.674136985,9684.299773,-5.184825109,149.7437593,1773.560939,1.723598028,43.74354038,63.50100883,99.99011874
ECM082,Q,Q12,QUEMAC,Bulk,83.7,215.16,417.14,44.73947726,545.2814849,155.2768944,201.9794537,139.8530946,796.0232291,0.518295773,0.491393012,6.55,0.567269076,44.83663135,12.47301476,464.9023468,68.70544531,420.0657155,5.508327107,2.904024154,9.363856848,12.267881,0.13000885,-26.76879043,0.910284538,6.238206735,0.979885906,11.913641,-29.08375774,0.178523374,3.441145034,0.125839984,18.19480911,-27.266981,9.140792994,5.288113022,0.712760345,12.82458804,1.124120092,1.348691514,-30.16294959,48.69895183,36.10829557,5.413325943,8356.053349,-3.347402357,87.77265059,1545.254563,5.396558584,19.96261309,54.80564203,99.8543303
ECM083,C,C10,CARLAC,Bulk,39.7,260.42,361.28,39.69636032,782.0748158,333.9779351,397.2743363,144.1375133,909.91129,0.746173058,0.719649221,6.36,0.557442557,54.94637296,13.57214587,558.4173099,80.37039316,503.4709369,5.921715986,3.855649299,9.459738383,13.31538768,0.149492234,-26.50381699,0.824389694,5.657118609,0.887732768,12.27712779,-28.13221283,0.220069765,3.437325365,0.163818148,17.76052618,-26.9087909,11.61357312,4.667977888,0.878450635,13.22055064,0.650161655,1.103103022,-31.05996798,46.36494095,42.03132746,4.088294459,11779.34027,-1.465112856,275.5023024,1413.87431,7.421027279,28.94472383,71.3195233,99.89838325
ECM084,Q,Q21,QUEMAC,Bulk,39.2,265.1,377,28.65643642,443.2765537,152.7460357,235.0466199,86.53766081,550.3074636,0.644601864,0.62370648,6.82,0.591816367,42.81442749,12.28172558,377.2205605,48.60808845,334.406133,3.957757249,1.473927311,5.562999714,7.036927025,0.103754327,-25.92795908,0.97800211,6.163290415,1.01271541,11.82609287,-28.52710566,0.133503942,3.418753779,0.091813218,17.80124375,-26.349971,7.532100983,5.667440686,0.615071111,12.24497439,-0.136675985,1.176605138,-28.27179619,49.55971541,42.14405027,5.739414706,8190.580767,-2.904116169,122.5063313,1131.484863,3.902041163,9.855048333,50.61813424,99.8458652
ECM085,T,T02,TILAME,Bulk,91.1,154.07,320.17,41.75039783,456.1846482,175.4752267,204.7093193,94.64861256,567.3912153,0.385223045,0.369724196,6.32,0.684315684,14.96321488,7.333413363,255.1648664,34.75704534,240.2016515,4.739545369,1.724726441,4.511437338,6.236163779,0.137962552,-25.14808606,1.011772149,6.655058383,1.063841576,11.17886175,-27.50329227,0.177279982,3.952372157,0.109946982,18.94833177,-25.87838643,5.937545992,6.230117789,0.505144045,11.75507088,1.709516557,2.072539913,-28.91378154,44.93901505,21.68539447,9.49809584,9113.144276,-3.41445996,149.3658208,1409.76877,1.742193918,-51.67461137,57.57166472,99.80554843